{"precision": 0.4894093729484763, "recall": 0.5356325035924535, "f-score": 0.5114787477729702, "AP-score": 0.5229819568116495, "ROC-AUC-score": 0.8631739495431818, "eval_time": 101.11628024699985}