{"precision": 0.0, "recall": 0.0, "f-score": 0.0, "AP-score": 0.2163464686280949, "ROC-AUC-score": 0.6531454507432087, "eval_time": 17.58475862299997}