{"precision": 0.4886244069007961, "recall": 0.30548602635444033, "f-score": 0.37593745704117426, "AP-score": 0.4362939936310522, "ROC-AUC-score": 0.8016878434558954, "eval_time": 17.752683983999987}