{"precision": 0.0, "recall": 0.0, "f-score": 0.0, "AP-score": 0.1434465179944067, "ROC-AUC-score": 0.5184534467220517, "eval_time": 19.14871089600001}