{"precision": 0.0, "recall": 0.0, "f-score": 0.0, "AP-score": 0.24643334980338202, "ROC-AUC-score": 0.63633465392904, "eval_time": 53.52347585299958}