{"precision": 0.5594752566073288, "recall": 0.442710108711379, "f-score": 0.4942904980361394, "AP-score": 0.5159799293146016, "ROC-AUC-score": 0.8418989438735661, "eval_time": 19.160675829999946}