{"precision": 0.5716981132075472, "recall": 0.0006353413334619393, "f-score": 0.0012692720954928273, "AP-score": 0.2100576512328111, "ROC-AUC-score": 0.5493834305115308, "eval_time": 99.66996589400003}