{"precision": 0.0, "recall": 0.0, "f-score": 0.0, "AP-score": 0.177478217341914, "ROC-AUC-score": 0.5957449669321004, "eval_time": 23.291047185000025}