{"precision": 0.0, "recall": 0.0, "f-score": 0.0, "AP-score": 0.19037468476479094, "ROC-AUC-score": 0.5512777362822641, "eval_time": 23.003539986999954}