{"precision": 0.0, "recall": 0.0, "f-score": 0.0, "AP-score": 0.18911232887751162, "ROC-AUC-score": 0.5175203168272797, "eval_time": 18.019881424000005}