{"precision": 0.47550129289523285, "recall": 0.5817688777638715, "f-score": 0.5232945395035155, "AP-score": 0.5380688827163325, "ROC-AUC-score": 0.8740522990027385, "eval_time": 17.41180712000005}