{"precision": 0.6507946471880618, "recall": 0.8390026901958668, "f-score": 0.7330103847744251, "AP-score": 0.8324974077840191, "ROC-AUC-score": 0.9617622884440665, "eval_time": 18.50787094999987}