{"precision": 0.8541120206554588, "recall": 0.6556080049366478, "f-score": 0.741809962591864, "AP-score": 0.843759838329035, "ROC-AUC-score": 0.957629590908559, "eval_time": 18.087553740999965}