{"precision": 0.6706172944961704, "recall": 0.37935151350426316, "f-score": 0.4845852252196646, "AP-score": 0.5884421253239621, "ROC-AUC-score": 0.8748077079171723, "eval_time": 18.851253975999498}