{"precision": 0.0, "recall": 0.0, "f-score": 0.0, "AP-score": 0.1999552265979843, "ROC-AUC-score": 0.578957693779205, "eval_time": 18.693762451999987}