{"precision": 0.5871913503638765, "recall": 0.26639205812272254, "f-score": 0.3665092614970843, "AP-score": 0.45963731680244574, "ROC-AUC-score": 0.8286239474425695, "eval_time": 17.60696573100006}