{"precision": 0.6507946471880618, "recall": 0.8390026901958668, "f-score": 0.7330103847744251, "AP-score": 0.8324974086889225, "ROC-AUC-score": 0.9617622885109841, "eval_time": 17.960777234000034}