{"precision": 0.0, "recall": 0.0, "f-score": 0.0, "AP-score": 0.16206783305644162, "ROC-AUC-score": 0.498120635322243, "eval_time": 99.97713946699992}