{"loss": [0.5714520812034607], "accuracy": [0.7411552667617798], "precision": [0.0], "recall": [0.0], "val_loss": [0.7245886921882629], "val_accuracy": [0.3565692901611328], "val_precision": [0.0], "val_recall": [0.0]}