{"loss": [0.3130970001220703, 0.23642559349536896], "accuracy": [0.8734477758407593, 0.9088724255561829], "precision": [0.5996734499931335, 0.749319851398468], "recall": [0.3519378900527954, 0.5868852138519287], "val_loss": [2.318881034851074, 0.3666772246360779], "val_accuracy": [0.8392047882080078, 0.8506919741630554], "val_precision": [0.03958769142627716, 0.49461629986763], "val_recall": [0.0026709737721830606, 0.5676936507225037], "training_time": 3181.159651644}