{"loss": [0.5154332518577576, 0.355266273021698], "accuracy": [0.7518707513809204, 0.8575431704521179], "precision": [0.17536452412605286, 0.5457234978675842], "recall": [0.24879200756549835, 0.2823745608329773], "val_loss": [0.6212663650512695, 0.5686169862747192], "val_accuracy": [0.8417854309082031, 0.8443870544433594], "val_precision": [0.0, 0.0], "val_recall": [0.0, 0.0], "training_time": 325.47645062799995}