{"loss": [0.5339276790618896, 0.32370102405548096], "accuracy": [0.7366325259208679, 0.8740890622138977], "precision": [0.17122109234333038, 0.45326313376426697], "recall": [0.24394595623016357, 0.04103905335068703], "val_loss": [0.5121548771858215, 0.6809345483779907], "val_accuracy": [0.8651008605957031, 0.8412208557128906], "val_precision": [0.0, 0.0], "val_recall": [0.0, 0.0], "training_time": 324.829911757}