{"loss": [0.5772533416748047, 0.33662155270576477], "accuracy": [0.7033287286758423, 0.8713447451591492], "precision": [0.15653836727142334, 0.540414571762085], "recall": [0.22103844583034515, 0.06400761008262634], "val_loss": [0.9327116012573242, 1.024924635887146], "val_accuracy": [0.8646583557128906, 0.7957611083984375], "val_precision": [0.0, 0.0], "val_recall": [0.0, 0.0], "training_time": 30.051413766999985}