{"loss": [0.19003663957118988], "accuracy": [0.9806228876113892], "precision": [0.0], "recall": [0.0], "val_loss": [0.6421945691108704], "val_accuracy": [1.0], "val_precision": [0.0], "val_recall": [0.0], "training_time": 272.86624910700016}