{"loss": [0.28575271368026733, 0.2526543140411377, 0.20315617322921753, 0.22037160396575928, 0.19599078595638275, 0.186055526137352, 0.18047906458377838, 0.17159201204776764, 0.14647026360034943, 0.1688026487827301], "accuracy": [0.8860271573066711, 0.9036421775817871, 0.9212032556533813, 0.9164049029350281, 0.9232084155082703, 0.9268551468849182, 0.9294172525405884, 0.932931125164032, 0.9425478577613831, 0.9345673322677612], "precision": [0.6752670407295227, 0.7499839067459106, 0.7782317996025085, 0.7833777070045471, 0.7966325283050537, 0.8052906394004822, 0.8032569289207458, 0.8112697005271912, 0.8377065658569336, 0.8181816339492798], "recall": [0.4350065290927887, 0.5778056383132935, 0.6301708817481995, 0.6292627453804016, 0.6686245203018188, 0.6694821715354919, 0.6935986876487732, 0.7021982669830322, 0.7343468070030212, 0.7201330065727234], "val_loss": [4.059859275817871, 0.8671798706054688, 0.3356236517429352, 0.2842508852481842, 0.4364708960056305, 0.34622859954833984, 0.2228676974773407, 0.23891954123973846, 0.20108716189861298, 0.22996458411216736], "val_accuracy": [0.2160789519548416, 0.8470088839530945, 0.8799716830253601, 0.8998321294784546, 0.8369079828262329, 0.8663524389266968, 0.9123398065567017, 0.9090248346328735, 0.9280006289482117, 0.9060913324356079], "val_precision": [0.17203669250011444, 0.7270501852035522, 0.5363131165504456, 0.7382790446281433, 0.4907473027706146, 0.5796510577201843, 0.800666868686676, 0.6655577421188354, 0.7970200181007385, 0.6933194398880005], "val_recall": [0.9967460632324219, 0.0014797174371778965, 0.5876724720001221, 0.5756039023399353, 0.8542349934577942, 0.8188534379005432, 0.6216718554496765, 0.8481313586235046, 0.7073530554771423, 0.7362124919891357], "training_time": 215.37235641200004}