{"loss": [0.48552432656288147, 0.3401438891887665], "accuracy": [0.769518256187439, 0.8589393496513367], "precision": [0.23366887867450714, 0.6632490158081055], "recall": [0.28828778862953186, 0.2359456568956375], "val_loss": [0.632063090801239, 0.4849071800708771], "val_accuracy": [0.8269996643066406, 0.8998184204101562], "val_precision": [0.0, 0.0], "val_recall": [0.0, 0.0], "training_time": 38.69906424999999}