{"loss": [0.4849749207496643, 0.34722262620925903], "accuracy": [0.7739143371582031, 0.856945812702179], "precision": [0.2832832336425781, 0.5831753015518188], "recall": [0.2587759792804718, 0.18484801054000854], "val_loss": [0.5965638160705566, 0.5529483556747437], "val_accuracy": [0.8855400085449219, 0.8472061157226562], "val_precision": [0.0, 0.0], "val_recall": [0.0, 0.0], "training_time": 31.395663151000008}